Variable,Year,Value
River_Distant_TOTN,1990,19293.6635277848
River_Distant_TOTN,1991,16613.2530428027
River_Distant_TOTN,1992,19542.8306149765
River_Distant_TOTN,1993,21567.777125148
River_Distant_TOTN,1994,21913.4449910403
River_Distant_TOTN,1995,23495.4795593954
River_Distant_TOTN,1996,17194.5534774806
River_Distant_TOTN,1997,19372.2394443828
River_Distant_TOTN,1998,23271.946334565
River_Distant_TOTN,1999,23860.8176366072
River_Distant_TOTN,2000,32676.5629907402
River_Distant_TOTN,2001,22001.1328257519
River_Distant_TOTN,2002,18899.479396417
River_Distant_TOTN,2003,19226.8229157195
River_Distant_TOTN,2004,21024.2471407866
River_Distant_TOTN,2005,18827.6216138714
River_Distant_TOTN,2006,25484.1980845527
River_Distant_TOTN,2007,23122.5601542247
River_Distant_TOTN,2008,25391.33088645
River_Distant_TOTN,2009,21713.2588067391
River_Distant_TOTN,2010,21094.3434762201
River_Distant_TOTN,2011,28709.9564456882
River_Distant_TOTN,2012,26036.6755207226
River_Distant_TOTN,2013,23904.1156011436
River_Distant_TOTN,2014,25123.0667959486
River_Distant_TOTN,2015,25250.1247995633
River_Distant_TOTN,2016,20181.0405354618
River_Local_TOTN,1990,1572.50096935955
River_Local_TOTN,1991,1178.32947674289
River_Local_TOTN,1992,1079.08891609077
River_Local_TOTN,1993,1138.97260272003
River_Local_TOTN,1994,2035.51533521942
River_Local_TOTN,1995,1612.90743373492
River_Local_TOTN,1996,1110.58588623445
River_Local_TOTN,1997,1167.50840083449
River_Local_TOTN,1998,1584.22043746771
River_Local_TOTN,1999,1684.8747881177
River_Local_TOTN,2000,2303.75457269409
River_Local_TOTN,2001,1698.45717703496
River_Local_TOTN,2002,1267.98520204366
River_Local_TOTN,2003,1480.55792724798
River_Local_TOTN,2004,1416.09182348741
River_Local_TOTN,2005,938.586583999402
River_Local_TOTN,2006,1566.58157523249
River_Local_TOTN,2007,1132.51923913363
River_Local_TOTN,2008,1590.31551832576
River_Local_TOTN,2009,1432.94569325794
River_Local_TOTN,2010,1087.16842375355
River_Local_TOTN,2011,1383.21686471826
River_Local_TOTN,2012,1375.13571720182
River_Local_TOTN,2013,1370.14358994958
River_Local_TOTN,2014,1950.72399163911
River_Local_TOTN,2015,1462.4456851601
River_Local_TOTN,2016,127.21148073782
River_Distant_NO3.N,1990,12128.4706871104
River_Distant_NO3.N,1991,10645.3217990661
River_Distant_NO3.N,1992,13110.4592906802
River_Distant_NO3.N,1993,13405.0240454594
River_Distant_NO3.N,1994,14181.3268341614
River_Distant_NO3.N,1995,15023.2952198715
River_Distant_NO3.N,1996,11106.0839417778
River_Distant_NO3.N,1997,12669.3989683275
River_Distant_NO3.N,1998,14255.8071159557
River_Distant_NO3.N,1999,14682.839258633
River_Distant_NO3.N,2000,17444.2702754894
River_Distant_NO3.N,2001,12841.0100551675
River_Distant_NO3.N,2002,12345.1546484937
River_Distant_NO3.N,2003,13710.9616794392
River_Distant_NO3.N,2004,12778.4971224901
River_Distant_NO3.N,2005,12035.2895083357
River_Distant_NO3.N,2006,15326.8759248864
River_Distant_NO3.N,2007,14625.5444231676
River_Distant_NO3.N,2008,15683.9175856313
River_Distant_NO3.N,2009,11655.1023760884
River_Distant_NO3.N,2010,12421.7986743178
River_Distant_NO3.N,2011,15440.2938722531
River_Distant_NO3.N,2012,13369.3993097216
River_Distant_NO3.N,2013,14170.3719887338
River_Distant_NO3.N,2014,14078.8323740848
River_Distant_NO3.N,2015,13607.2397630106
River_Distant_NO3.N,2016,11371.7838801869
River_Local_NO3.N,1990,936.595236276479
River_Local_NO3.N,1991,713.422603341793
River_Local_NO3.N,1992,621.230461890261
River_Local_NO3.N,1993,680.825449490002
River_Local_NO3.N,1994,1146.16592257714
River_Local_NO3.N,1995,952.415647535142
River_Local_NO3.N,1996,642.592638182163
River_Local_NO3.N,1997,633.846347878298
River_Local_NO3.N,1998,855.258040676473
River_Local_NO3.N,1999,932.100105593569
River_Local_NO3.N,2000,1114.65961431826
River_Local_NO3.N,2001,894.734681147718
River_Local_NO3.N,2002,604.231883536932
River_Local_NO3.N,2003,770.890224880056
River_Local_NO3.N,2004,714.269809593103
River_Local_NO3.N,2005,468.332250003832
River_Local_NO3.N,2006,729.836889076813
River_Local_NO3.N,2007,566.262567931856
River_Local_NO3.N,2008,777.881588206204
River_Local_NO3.N,2009,647.038262588848
River_Local_NO3.N,2010,484.837738448336
River_Local_NO3.N,2011,551.741414684437
River_Local_NO3.N,2012,626.787076443361
River_Local_NO3.N,2013,604.718388127349
River_Local_NO3.N,2014,788.695191469375
River_Local_NO3.N,2015,509.498123873178
River_Local_NO3.N,2016,41.4191886852695
River_Distant_TOTP,1990,615.017016857549
River_Distant_TOTP,1991,475.913685372789
River_Distant_TOTP,1992,552.369469646057
River_Distant_TOTP,1993,522.730714946406
River_Distant_TOTP,1994,416.933858346513
River_Distant_TOTP,1995,820.487865737891
River_Distant_TOTP,1996,374.921059230874
River_Distant_TOTP,1997,461.866067991017
River_Distant_TOTP,1998,425.31099144136
River_Distant_TOTP,1999,308.105907786273
River_Distant_TOTP,2000,466.206876153336
River_Distant_TOTP,2001,411.094495783698
River_Distant_TOTP,2002,395.640744654069
River_Distant_TOTP,2003,378.398037069554
River_Distant_TOTP,2004,491.742516525367
River_Distant_TOTP,2005,493.573866826655
River_Distant_TOTP,2006,585.008877694014
River_Distant_TOTP,2007,645.278749406772
River_Distant_TOTP,2008,834.924797424242
River_Distant_TOTP,2009,569.110090646807
River_Distant_TOTP,2010,471.569789631078
River_Distant_TOTP,2011,970.009086922452
River_Distant_TOTP,2012,988.461952911019
River_Distant_TOTP,2013,657.979637345182
River_Distant_TOTP,2014,700.521489543006
River_Distant_TOTP,2015,709.217023118328
River_Distant_TOTP,2016,546.321823767163
River_Local_TOTP,1990,0
River_Local_TOTP,1991,0
River_Local_TOTP,1992,0
River_Local_TOTP,1993,1.08835130954773
River_Local_TOTP,1994,5.45587884547794
River_Local_TOTP,1995,6.98793388772726
River_Local_TOTP,1996,6.26074995152598
River_Local_TOTP,1997,9.69008719630805
River_Local_TOTP,1998,19.1395609041403
River_Local_TOTP,1999,19.0396583644371
River_Local_TOTP,2000,42.7321824607656
River_Local_TOTP,2001,55.6295812558779
River_Local_TOTP,2002,54.197254855764
River_Local_TOTP,2003,31.2233943965099
River_Local_TOTP,2004,30.2248683946285
River_Local_TOTP,2005,20.8541241560142
River_Local_TOTP,2006,42.854502178612
River_Local_TOTP,2007,20.0226856257796
River_Local_TOTP,2008,21.7379127503049
River_Local_TOTP,2009,23.7036984877644
River_Local_TOTP,2010,19.3124694059322
River_Local_TOTP,2011,17.3738857575977
River_Local_TOTP,2012,14.9289458823783
River_Local_TOTP,2013,13.8585011483548
River_Local_TOTP,2014,28.521273012735
River_Local_TOTP,2015,19.7662478296123
River_Local_TOTP,2016,1.49539453274784
River_Distant_TOC,1990,76790.7586930918
River_Distant_TOC,1991,76533.8197989222
River_Distant_TOC,1992,141772.774796058
River_Distant_TOC,1993,158941.774182779
River_Distant_TOC,1994,179228.516313429
River_Distant_TOC,1995,175491.685959724
River_Distant_TOC,1996,127333.708958152
River_Distant_TOC,1997,158031.806455826
River_Distant_TOC,1998,189478.633481456
River_Distant_TOC,1999,173380.983566308
River_Distant_TOC,2000,270110.623555332
River_Distant_TOC,2001,202640.273801494
River_Distant_TOC,2002,158397.916642553
River_Distant_TOC,2003,147415.236894764
River_Distant_TOC,2004,152754.180061364
River_Distant_TOC,2005,141751.458691717
River_Distant_TOC,2006,190458.720642365
River_Distant_TOC,2007,172515.034610588
River_Distant_TOC,2008,190392.735714334
River_Distant_TOC,2009,181641.39961727
River_Distant_TOC,2010,186051.547515356
River_Distant_TOC,2011,251148.258620667
River_Distant_TOC,2012,212183.602335265
River_Distant_TOC,2013,179476.561588786
River_Distant_TOC,2014,210988.051634246
River_Distant_TOC,2015,214601.820020642
River_Distant_TOC,2016,156236.900864636
River_Local_TOC,1990,12018.4768369991
River_Local_TOC,1991,9179.39232027529
River_Local_TOC,1992,9938.25315904665
River_Local_TOC,1993,8720.43195393846
River_Local_TOC,1994,17938.055599147
River_Local_TOC,1995,14050.4776275525
River_Local_TOC,1996,9731.48156716787
River_Local_TOC,1997,11320.2941695333
River_Local_TOC,1998,15479.9313868826
River_Local_TOC,1999,15346.4336846313
River_Local_TOC,2000,22788.1914673947
River_Local_TOC,2001,17391.6527615552
River_Local_TOC,2002,13454.8213877913
River_Local_TOC,2003,15113.2837315724
River_Local_TOC,2004,16435.8148847302
River_Local_TOC,2005,11595.666352131
River_Local_TOC,2006,22414.1307397248
River_Local_TOC,2007,13790.6920593823
River_Local_TOC,2008,19554.3578970736
River_Local_TOC,2009,19813.3575956643
River_Local_TOC,2010,15464.8437775471
River_Local_TOC,2011,22423.7638325075
River_Local_TOC,2012,15790.4757399175
River_Local_TOC,2013,17485.5348540042
River_Local_TOC,2014,25417.2544467812
River_Local_TOC,2015,20434.1107489757
River_Local_TOC,2016,1940.6975785194
River_Distant_DisTot,1990,47462.5281486053
River_Distant_DisTot,1991,34581.8231527589
River_Distant_DisTot,1992,38401.7374673238
River_Distant_DisTot,1993,46462.7881733893
River_Distant_DisTot,1994,44232.0806855215
River_Distant_DisTot,1995,48107.9578511396
River_Distant_DisTot,1996,32488.9891507502
River_Distant_DisTot,1997,39635.8456505758
River_Distant_DisTot,1998,49124.425272693
River_Distant_DisTot,1999,48579.2733557433
River_Distant_DisTot,2000,63964.9261712899
River_Distant_DisTot,2001,51746.707638836
River_Distant_DisTot,2002,43664.0164959912
River_Distant_DisTot,2003,38469.7439267698
River_Distant_DisTot,2004,42478.6401270631
River_Distant_DisTot,2005,43061.9089707709
River_Distant_DisTot,2006,46991.2630429778
River_Distant_DisTot,2007,49734.735528812
River_Distant_DisTot,2008,54889.4812590568
River_Distant_DisTot,2009,47833.3228918881
River_Distant_DisTot,2010,46558.0838068574
River_Distant_DisTot,2011,56911.7236261539
River_Distant_DisTot,2012,53072.4271004392
River_Distant_DisTot,2013,49935.0690196295
River_Distant_DisTot,2014,56060.9519352396
River_Distant_DisTot,2015,52156.7757626906
River_Distant_DisTot,2016,43307.9662900195
River_Local_DisTot,1990,5049.07024324883
River_Local_DisTot,1991,3833.87658929738
River_Local_DisTot,1992,3536.98893244568
River_Local_DisTot,1993,3646.43980238449
River_Local_DisTot,1994,5471.53112753408
River_Local_DisTot,1995,4885.56080570555
River_Local_DisTot,1996,2983.95517670949
River_Local_DisTot,1997,3730.44408083724
River_Local_DisTot,1998,4497.8443730874
River_Local_DisTot,1999,5244.38820568199
River_Local_DisTot,2000,6712.89915284376
River_Local_DisTot,2001,5150.82894138582
River_Local_DisTot,2002,3751.96395082395
River_Local_DisTot,2003,4313.54091815175
River_Local_DisTot,2004,4486.80567615809
River_Local_DisTot,2005,3289.22833243549
River_Local_DisTot,2006,4856.26081363722
River_Local_DisTot,2007,3852.11191877897
River_Local_DisTot,2008,5565.93395656873
River_Local_DisTot,2009,5057.24277673997
River_Local_DisTot,2010,3474.44728251248
River_Local_DisTot,2011,4589.18097048433
River_Local_DisTot,2012,4160.89442475782
River_Local_DisTot,2013,4312.96914361346
River_Local_DisTot,2014,6245.62625571126
River_Local_DisTot,2015,5354.0573773967
River_Local_DisTot,2016,3897.76991940566
River_Distant_Floodmax,1990,84.9632913564876
River_Distant_Floodmax,1991,63.2269736051447
River_Distant_Floodmax,1992,77.0984897015018
River_Distant_Floodmax,1993,121.165717045073
River_Distant_Floodmax,1994,110.213474071703
River_Distant_Floodmax,1995,184.989028254767
River_Distant_Floodmax,1996,57.8014756287611
River_Distant_Floodmax,1997,76.0513083443455
River_Distant_Floodmax,1998,111.701451504131
River_Distant_Floodmax,1999,106.617778112203
River_Distant_Floodmax,2000,110.280597391015
River_Distant_Floodmax,2001,114.053151566892
River_Distant_Floodmax,2002,105.9197750538
River_Distant_Floodmax,2003,97.8145865563417
River_Distant_Floodmax,2004,93.4870326242805
River_Distant_Floodmax,2005,75.4749535317678
River_Distant_Floodmax,2006,114.041369257179
River_Distant_Floodmax,2007,78.7493922211819
River_Distant_Floodmax,2008,165.281142875476
River_Distant_Floodmax,2009,85.3558565857533
River_Distant_Floodmax,2010,84.7856908993523
River_Distant_Floodmax,2011,105.797259645585
River_Distant_Floodmax,2012,79.7323747399348
River_Distant_Floodmax,2013,126.679434616315
River_Distant_Floodmax,2014,111.649709732244
River_Distant_Floodmax,2015,78.7796663169279
River_Distant_Floodmax,2016,78.2890187618369
River_Local_Floodmax,1990,150.557704975766
River_Local_Floodmax,1991,71.1099829751208
River_Local_Floodmax,1992,57.7764049549722
River_Local_Floodmax,1993,76.4373080773899
River_Local_Floodmax,1994,172.944067184753
River_Local_Floodmax,1995,107.251279001293
River_Local_Floodmax,1996,72.5810170146995
River_Local_Floodmax,1997,61.7063161294361
River_Local_Floodmax,1998,90.5105193556012
River_Local_Floodmax,1999,101.400457907209
River_Local_Floodmax,2000,90.8955917308149
River_Local_Floodmax,2001,120.988896113786
River_Local_Floodmax,2002,98.232686154955
River_Local_Floodmax,2003,124.992307560493
River_Local_Floodmax,2004,89.2958266616884
River_Local_Floodmax,2005,73.3815421306014
River_Local_Floodmax,2006,159.952604594688
River_Local_Floodmax,2007,91.2582627411407
River_Local_Floodmax,2008,116.962167862452
River_Local_Floodmax,2009,104.711564936829
River_Local_Floodmax,2010,80.51668147196
River_Local_Floodmax,2011,101.066485992314
River_Local_Floodmax,2012,61.921977314602
River_Local_Floodmax,2013,150.116984734644
River_Local_Floodmax,2014,124.975493314259
River_Local_Floodmax,2015,72.9078530819741
River_Local_Floodmax,2016,75.5480160265583
River_Distant_FloodmaxMonth,1990,5
River_Distant_FloodmaxMonth,1991,4
River_Distant_FloodmaxMonth,1992,5
River_Distant_FloodmaxMonth,1993,5
River_Distant_FloodmaxMonth,1994,5
River_Distant_FloodmaxMonth,1995,6
River_Distant_FloodmaxMonth,1996,5
River_Distant_FloodmaxMonth,1997,6
River_Distant_FloodmaxMonth,1998,5
River_Distant_FloodmaxMonth,1999,6
River_Distant_FloodmaxMonth,2000,5
River_Distant_FloodmaxMonth,2001,5
River_Distant_FloodmaxMonth,2002,5
River_Distant_FloodmaxMonth,2003,5
River_Distant_FloodmaxMonth,2004,5
River_Distant_FloodmaxMonth,2005,6
River_Distant_FloodmaxMonth,2006,5
River_Distant_FloodmaxMonth,2007,6
River_Distant_FloodmaxMonth,2008,5
River_Distant_FloodmaxMonth,2009,5
River_Distant_FloodmaxMonth,2010,5
River_Distant_FloodmaxMonth,2011,6
River_Distant_FloodmaxMonth,2012,5
River_Distant_FloodmaxMonth,2013,5
River_Distant_FloodmaxMonth,2014,5
River_Distant_FloodmaxMonth,2015,6
River_Distant_FloodmaxMonth,2016,5
River_Local_FloodmaxMonth,1990,2
River_Local_FloodmaxMonth,1991,4
River_Local_FloodmaxMonth,1992,5
River_Local_FloodmaxMonth,1993,5
River_Local_FloodmaxMonth,1994,5
River_Local_FloodmaxMonth,1995,6
River_Local_FloodmaxMonth,1996,5
River_Local_FloodmaxMonth,1997,5
River_Local_FloodmaxMonth,1998,5
River_Local_FloodmaxMonth,1999,6
River_Local_FloodmaxMonth,2000,5
River_Local_FloodmaxMonth,2001,5
River_Local_FloodmaxMonth,2002,5
River_Local_FloodmaxMonth,2003,5
River_Local_FloodmaxMonth,2004,4
River_Local_FloodmaxMonth,2005,1
River_Local_FloodmaxMonth,2006,5
River_Local_FloodmaxMonth,2007,1
River_Local_FloodmaxMonth,2008,5
River_Local_FloodmaxMonth,2009,4
River_Local_FloodmaxMonth,2010,4
River_Local_FloodmaxMonth,2011,4
River_Local_FloodmaxMonth,2012,3
River_Local_FloodmaxMonth,2013,5
River_Local_FloodmaxMonth,2014,3
River_Local_FloodmaxMonth,2015,1
River_Local_FloodmaxMonth,2016,5
Temperatur_Deep,1990,9.61132353894851
Temperatur_Intermediate,1990,10.4936176889083
Temperatur_Surface,1990,10.797941235935
Temperatur_Deep,1991,8.41166666575841
Temperatur_Intermediate,1991,9.27635714837483
Temperatur_Surface,1991,9.61163495646583
Temperatur_Deep,1992,8.50236959042756
Temperatur_Intermediate,1992,9.12523913383484
Temperatur_Surface,1992,9.87314490304477
Temperatur_Deep,1993,7.64515907114202
Temperatur_Intermediate,1993,8.27531811865893
Temperatur_Surface,1993,8.37671212716536
Temperatur_Deep,1994,7.23609088225798
Temperatur_Intermediate,1994,8.15649995478717
Temperatur_Surface,1994,8.98987881974741
Temperatur_Deep,1995,7.66027270663868
Temperatur_Intermediate,1995,8.94095453890887
Temperatur_Surface,1995,10.2102272293784
Temperatur_Deep,1996,7.85804551297968
Temperatur_Intermediate,1996,8.11468183350834
Temperatur_Surface,1996,8.0642575793194
Temperatur_Deep,1997,7.91336369514465
Temperatur_Intermediate,1997,8.69654549251903
Temperatur_Surface,1997,9.9126817927216
Temperatur_Deep,1998,9.00252379689898
Temperatur_Intermediate,1998,9.98416667892819
Temperatur_Surface,1998,10.0795079299382
Temperatur_Deep,1999,8.70181394177814
Temperatur_Intermediate,1999,9.84563635154204
Temperatur_Surface,1999,10.4534242640842
Temperatur_Deep,2000,9.14140906117179
Temperatur_Intermediate,2000,10.373770882686
Temperatur_Surface,2000,11.2551944553852
Temperatur_Deep,2001,8.8131136785854
Temperatur_Intermediate,2001,9.52631823583083
Temperatur_Surface,2001,9.64248482747511
Temperatur_Deep,2002,8.20795239721026
Temperatur_Intermediate,2002,9.72473812103271
Temperatur_Surface,2002,10.4794677419047
Temperatur_Deep,2003,8.71745456348766
Temperatur_Intermediate,2003,9.40154548395764
Temperatur_Surface,2003,9.96184616121822
Temperatur_Deep,2004,8.98932499885559
Temperatur_Intermediate,2004,9.64097506403923
Temperatur_Surface,2004,10.1279499650002
Temperatur_Deep,2005,8.63025676120411
Temperatur_Intermediate,2005,9.38267501646822
Temperatur_Surface,2005,10.0922333507827
Temperatur_Deep,2006,8.85797615278335
Temperatur_Intermediate,2006,9.93613634055311
Temperatur_Surface,2006,10.4481211611719
Temperatur_Deep,2007,9.32395451719111
Temperatur_Intermediate,2007,10.0343864397569
Temperatur_Surface,2007,10.3992878451492
Temperatur_Deep,2008,9.05013637109236
Temperatur_Intermediate,2008,9.54634087194096
Temperatur_Surface,2008,9.78806063261899
Temperatur_Deep,2009,9.05956523314766
Temperatur_Intermediate,2009,9.44993480910426
Temperatur_Surface,2009,9.78952175810717
Temperatur_Deep,2010,8.1769750058651
Temperatur_Intermediate,2010,9.82440002560616
Temperatur_Surface,2010,10.1490500460068
Temperatur_Deep,2011,9.20872614176377
Temperatur_Intermediate,2011,9.59280433991681
Temperatur_Surface,2011,10.0523161454236
Temperatur_Deep,2012,9.11812500520186
Temperatur_Intermediate,2012,9.82010462880135
Temperatur_Surface,2012,10.1833196914557
Temperatur_Deep,2013,8.69890909845179
Temperatur_Intermediate,2013,9.65658864649859
Temperatur_Surface,2013,9.77216665130673
Temperatur_Deep,2014,9.24152269146659
Temperatur_Intermediate,2014,10.6054545695131
Temperatur_Surface,2014,11.7383318850488
Temperatur_Deep,2015,9.36297725547444
Temperatur_Intermediate,2015,10.2548977678472
Temperatur_Surface,2015,10.4803682168325
Temperatur_Deep,2016,8.71728638085452
Temperatur_Intermediate,2016,9.84786589037288
Temperatur_Surface,2016,10.4035014744961
Salt_Deep,1990,34.3173823637121
Salt_Intermediate,1990,33.2268823174869
Salt_Surface,1990,29.3434704799278
Salt_Deep,1991,34.3568095252627
Salt_Intermediate,1991,32.3673569815499
Salt_Surface,1991,29.2777619134812
Salt_Deep,1992,34.4475867229959
Salt_Intermediate,1992,33.0431086084117
Salt_Surface,1992,29.6507971114007
Salt_Deep,1993,34.3812952908603
Salt_Intermediate,1993,32.8513408574191
Salt_Surface,1993,28.9397423773101
Salt_Deep,1994,34.104999889027
Salt_Intermediate,1994,32.7327045093883
Salt_Surface,1994,29.237803141276
Salt_Deep,1995,34.2257272546942
Salt_Intermediate,1995,32.2261818105524
Salt_Surface,1995,28.196742404591
Salt_Deep,1996,34.4824319319292
Salt_Intermediate,1996,32.6634088863026
Salt_Surface,1996,29.2683941234242
Salt_Deep,1997,34.2868406122381
Salt_Intermediate,1997,33.2850454070351
Salt_Surface,1997,29.8993787765503
Salt_Deep,1998,34.0842622121175
Salt_Intermediate,1998,32.8593571980794
Salt_Surface,1998,29.5092540014358
Salt_Deep,1999,34.3868608696516
Salt_Intermediate,1999,32.8949772661382
Salt_Surface,1999,28.7981515075221
Salt_Deep,2000,34.1312047784979
Salt_Intermediate,2000,32.6646874745687
Salt_Surface,2000,27.710430516137
Salt_Deep,2001,34.1479776555842
Salt_Intermediate,2001,32.681340564381
Salt_Surface,2001,28.8001971389308
Salt_Deep,2002,34.2417142958868
Salt_Intermediate,2002,32.6641186759585
Salt_Surface,2002,28.2294191545056
Salt_Deep,2003,34.3546820553866
Salt_Intermediate,2003,32.8129544258118
Salt_Surface,2003,29.1088616297795
Salt_Deep,2004,34.2620498657227
Salt_Intermediate,2004,33.0668245792389
Salt_Surface,2004,29.622899945577
Salt_Deep,2005,34.375825101679
Salt_Intermediate,2005,32.4851023067128
Salt_Surface,2005,28.544748508569
Salt_Deep,2006,34.523976462228
Salt_Intermediate,2006,33.083000053059
Salt_Surface,2006,29.4990604863022
Salt_Deep,2007,34.2837272123857
Salt_Intermediate,2007,32.5339544903148
Salt_Surface,2007,29.0484089417891
Salt_Deep,2008,34.1518632715399
Salt_Intermediate,2008,32.5903409177607
Salt_Surface,2008,28.715242356965
Salt_Deep,2009,34.3722607985787
Salt_Intermediate,2009,32.8501090174136
Salt_Surface,2009,29.1341449350551
Salt_Deep,2010,34.3615500450134
Salt_Intermediate,2010,32.7378002166748
Salt_Surface,2010,29.077600034078
Salt_Deep,2011,34.115710714589
Salt_Intermediate,2011,32.5335257986318
Salt_Surface,2011,29.1040044672349
Salt_Deep,2012,34.2079181671143
Salt_Intermediate,2012,32.1757067767057
Salt_Surface,2012,28.2706727981567
Salt_Deep,2013,34.3683566180142
Salt_Intermediate,2013,33.0155705538663
Salt_Surface,2013,28.5440181385387
Salt_Deep,2014,34.2147885235873
Salt_Intermediate,2014,32.4869115569375
Salt_Surface,2014,27.6074879964193
Salt_Deep,2015,34.0787047906355
Salt_Intermediate,2015,32.6208386421204
Salt_Surface,2015,29.4797788677794
Salt_Deep,2016,34.2489340522073
Salt_Intermediate,2016,32.6518726782365
Salt_Surface,2016,27.5259074875803
Tetthet_Deep,1990,26.4525236241958
Tetthet_Intermediate,1990,25.4295942643109
Tetthet_Surface,1990,22.3308298821543
Tetthet_Deep,1991,26.6766035443261
Tetthet_Intermediate,1991,24.9212061564128
Tetthet_Surface,1991,22.4014231363932
Tetthet_Deep,1992,26.7280827397886
Tetthet_Intermediate,1992,25.4961236870807
Tetthet_Surface,1992,22.6875834948775
Tetthet_Deep,1993,26.8162605979226
Tetthet_Intermediate,1993,25.4850056388161
Tetthet_Surface,1993,22.3834808234012
Tetthet_Deep,1994,26.6468590389598
Tetthet_Intermediate,1994,25.3873974626715
Tetthet_Surface,1994,22.4530315977154
Tetthet_Deep,1995,26.6942521008578
Tetthet_Intermediate,1995,24.8932502919977
Tetthet_Surface,1995,21.4965253887754
Tetthet_Deep,1996,26.8758670200001
Tetthet_Intermediate,1996,25.3296063163064
Tetthet_Surface,1996,22.5836522073457
Tetthet_Deep,1997,26.6933825666254
Tetthet_Intermediate,1997,25.7501854029569
Tetthet_Surface,1997,22.8314978426153
Tetthet_Deep,1998,26.3539752960205
Tetthet_Intermediate,1998,25.1993152073451
Tetthet_Surface,1998,22.5552200287107
Tetthet_Deep,1999,26.6404843884845
Tetthet_Intermediate,1999,25.2410459518433
Tetthet_Surface,1999,21.9002221136382
Tetthet_Deep,2000,26.3741468949751
Tetthet_Intermediate,2000,24.9972534577052
Tetthet_Surface,2000,20.9921701086892
Tetthet_Deep,2001,26.4336422139948
Tetthet_Intermediate,2001,25.121328310533
Tetthet_Surface,2001,22.0041816306837
Tetthet_Deep,2002,26.6099668230329
Tetthet_Intermediate,2002,25.0616532734462
Tetthet_Surface,2002,21.4373994950325
Tetthet_Deep,2003,26.608276237141
Tetthet_Intermediate,2003,25.211096460169
Tetthet_Surface,2003,22.1607611289391
Tetthet_Deep,2004,26.4870274543762
Tetthet_Intermediate,2004,25.4076096534729
Tetthet_Surface,2004,22.6186110655467
Tetthet_Deep,2005,26.6571565974842
Tetthet_Intermediate,2005,24.9950641285289
Tetthet_Surface,2005,21.7587033763076
Tetthet_Deep,2006,26.728007816133
Tetthet_Intermediate,2006,25.3497216051275
Tetthet_Surface,2006,22.3711844068585
Tetthet_Deep,2007,26.468968001279
Tetthet_Intermediate,2007,24.9512670690363
Tetthet_Surface,2007,22.1456497510274
Tetthet_Deep,2008,26.3896754438227
Tetthet_Intermediate,2008,25.0265788598494
Tetthet_Surface,2008,21.9523705713677
Tetthet_Deep,2009,26.5603023611981
Tetthet_Intermediate,2009,25.2637983405072
Tetthet_Surface,2009,22.2509285194286
Tetthet_Deep,2010,26.7173038959503
Tetthet_Intermediate,2010,25.1344703674316
Tetthet_Surface,2010,22.145138613383
Tetthet_Deep,2011,26.3148989055468
Tetthet_Intermediate,2011,24.9735939191735
Tetthet_Surface,2011,22.2008358730989
Tetthet_Deep,2012,26.4343908483332
Tetthet_Intermediate,2012,24.6889553070068
Tetthet_Surface,2012,21.5362897930723
Tetthet_Deep,2013,26.6368376558477
Tetthet_Intermediate,2013,25.371675751426
Tetthet_Surface,2013,21.7536138476747
Tetthet_Deep,2014,26.4176943952387
Tetthet_Intermediate,2014,24.7781261964278
Tetthet_Surface,2014,20.7554596843142
Tetthet_Deep,2015,26.293343890797
Tetthet_Intermediate,2015,24.9711405580694
Tetthet_Surface,2015,22.4649858619228
Tetthet_Deep,2016,26.5281880985607
Tetthet_Intermediate,2016,25.0441639206626
Tetthet_Surface,2016,20.9097870479931
O2_Deep,1990,5.98000001907349
O2_Intermediate,1990,6.1316667397817
O2_Surface,1990,6.72714274270194
O2_Deep,1991,6.03666663169861
O2_Intermediate,1991,6.14333333969116
O2_Surface,1991,6.42333335876465
O2_Deep,1992,6.20772728053006
O2_Intermediate,1992,6.39931817488237
O2_Surface,1992,6.69590907385855
O2_Deep,1993,6.22363636710427
O2_Intermediate,1993,6.51954543590546
O2_Surface,1993,6.94075758529432
O2_Deep,1994,6.36046510518983
O2_Intermediate,1994,6.53068182685158
O2_Surface,1994,6.93257574601607
O2_Deep,1995,6.04295454242013
O2_Intermediate,1995,6.3502273126082
O2_Surface,1995,6.82212120836431
O2_Deep,1996,6.00318184765902
O2_Intermediate,1996,6.50227272510529
O2_Surface,1996,7.06409085880626
O2_Deep,1997,6.34409092773091
O2_Intermediate,1997,6.53681819005446
O2_Surface,1997,6.77878788023284
O2_Deep,1998,6.05809523945763
O2_Intermediate,1998,6.23428568385896
O2_Surface,1998,6.65790321750026
O2_Deep,1999,6.13930234243703
O2_Intermediate,1999,6.09954545714638
O2_Surface,1999,6.58287878469987
O2_Deep,2000,6.0101934366448
O2_Intermediate,2000,6.15404360345069
O2_Surface,2000,6.54143641700207
O2_Deep,2001,6.05489095052083
O2_Intermediate,2001,6.38012939407712
O2_Surface,2001,6.78681927635556
O2_Deep,2002,6.12639940352667
O2_Intermediate,2002,6.28436543827965
O2_Surface,2002,6.77825024771312
O2_Deep,2003,6.10114254734733
O2_Intermediate,2003,6.40199951692061
O2_Surface,2003,6.9082305431366
O2_Deep,2004,6.17404730319977
O2_Intermediate,2004,6.37145330905914
O2_Surface,2004,6.72713655630747
O2_Deep,2005,6.09905610301278
O2_Intermediate,2005,6.32279879547829
O2_Surface,2005,6.8053332603339
O2_Deep,2006,6.18796517632224
O2_Intermediate,2006,6.28220563585108
O2_Surface,2006,6.58330130577087
O2_Deep,2007,5.96632907607339
O2_Intermediate,2007,6.19301595471122
O2_Surface,2007,6.64083719976021
O2_Deep,2008,6.14424528858878
O2_Intermediate,2008,6.38323602893136
O2_Surface,2008,6.72351055434256
O2_Deep,2009,6.18061457123867
O2_Intermediate,2009,6.42947284565416
O2_Surface,2009,6.87417630588307
O2_Deep,2010,5.93634123802185
O2_Intermediate,2010,6.16539735794067
O2_Surface,2010,6.71388847033183
O2_Deep,2011,6.09684411339138
O2_Intermediate,2011,6.32301342222426
O2_Surface,2011,6.72867301016143
O2_Deep,2012,6.02575899254192
O2_Intermediate,2012,6.20311482386156
O2_Surface,2012,6.67082730206576
O2_Deep,2013,5.98472926833413
O2_Intermediate,2013,6.18238114226948
O2_Surface,2013,6.72947830053476
O2_Deep,2014,5.9489555684003
O2_Intermediate,2014,6.15616428852081
O2_Surface,2014,6.55707209038012
O2_Deep,2015,6.06542908061634
O2_Intermediate,2015,6.22831870209087
O2_Surface,2015,6.54086316715587
O2_Deep,2016,5.99481342055581
O2_Intermediate,2016,6.20903454043648
O2_Surface,2016,6.76758006124785
O2_metning_Deep,1990,91.0929196675618
O2_metning_Intermediate,1990,97.0431569417318
O2_metning_Surface,1990,103.889391217913
O2_metning_Deep,1991,93.2801836649577
O2_metning_Intermediate,1991,97.6699902852376
O2_metning_Surface,1991,102.382037862142
O2_metning_Deep,1992,94.3526756980202
O2_metning_Intermediate,1992,97.5260424180464
O2_metning_Surface,1992,101.440643541741
O2_metning_Deep,1993,92.6959159157493
O2_metning_Intermediate,1993,97.2711941112172
O2_metning_Surface,1993,101.25810472893
O2_metning_Deep,1994,93.4684845680414
O2_metning_Intermediate,1994,96.8061298023571
O2_metning_Surface,1994,102.044385043058
O2_metning_Deep,1995,89.8460828607733
O2_metning_Intermediate,1995,95.5807684118097
O2_metning_Surface,1995,103.068403879801
O2_metning_Deep,1996,90.0549732555043
O2_metning_Intermediate,1996,96.2385162006725
O2_metning_Surface,1996,101.68503558997
O2_metning_Deep,1997,94.9096135226163
O2_metning_Intermediate,1997,98.712459564209
O2_metning_Surface,1997,102.711897532145
O2_metning_Deep,1998,92.685662769136
O2_metning_Intermediate,1998,96.3936551411947
O2_metning_Surface,1998,101.428270524548
O2_metning_Deep,1999,93.4146339948787
O2_metning_Intermediate,1999,93.8029153997248
O2_metning_Surface,1999,99.7975137883967
O2_metning_Deep,2000,92.174429250318
O2_metning_Intermediate,2000,95.9692616564162
O2_metning_Surface,2000,100.995327049578
O2_metning_Deep,2001,92.5703570048014
O2_metning_Intermediate,2001,97.9777855646043
O2_metning_Surface,2001,102.057293967595
O2_metning_Deep,2002,92.0961759658087
O2_metning_Intermediate,2002,95.9860196794782
O2_metning_Surface,2002,102.572480970813
O2_metning_Deep,2003,92.8151239915328
O2_metning_Intermediate,2003,97.2467810890891
O2_metning_Surface,2003,102.795076927772
O2_metning_Deep,2004,94.4947330474854
O2_metning_Intermediate,2004,97.8506523132324
O2_metning_Surface,2004,102.073839187622
O2_metning_Deep,2005,92.8129177093506
O2_metning_Intermediate,2005,96.1834855190543
O2_metning_Surface,2005,102.18863466703
O2_metning_Deep,2006,94.9289116632371
O2_metning_Intermediate,2006,96.8257600610906
O2_metning_Surface,2006,99.8477562413071
O2_metning_Deep,2007,92.132850300182
O2_metning_Intermediate,2007,95.7839861783114
O2_metning_Surface,2007,101.354731819846
O2_metning_Deep,2008,94.0673831592907
O2_metning_Intermediate,2008,97.2892428311435
O2_metning_Surface,2008,100.596661191998
O2_metning_Deep,2009,94.9617554420649
O2_metning_Intermediate,2009,97.7403291214344
O2_metning_Surface,2009,102.812242507935
O2_metning_Deep,2010,89.4045969009399
O2_metning_Intermediate,2010,94.9693542480469
O2_metning_Surface,2010,101.249996185303
O2_metning_Deep,2011,93.4370795540188
O2_metning_Intermediate,2011,96.2460283067491
O2_metning_Surface,2011,101.386176138213
O2_metning_Deep,2012,92.4964011799205
O2_metning_Intermediate,2012,95.2445347525857
O2_metning_Surface,2012,100.480494528106
O2_metning_Deep,2013,91.2901026985862
O2_metning_Intermediate,2013,95.1251498135653
O2_metning_Surface,2013,100.324399390587
O2_metning_Deep,2014,91.4661306901412
O2_metning_Intermediate,2014,96.0026017969305
O2_metning_Surface,2014,101.651925982851
O2_metning_Deep,2015,93.5170489224521
O2_metning_Intermediate,2015,96.8271486108953
O2_metning_Surface,2015,100.124624888102
O2_metning_Deep,2016,91.1956981312145
O2_metning_Intermediate,2016,95.4883797385476
O2_metning_Surface,2016,101.721759102561
PO4_Deep,1990,NA
PO4_Intermediate,1990,NA
PO4_Surface,1990,NA
PO4_Deep,1991,0.435555550787184
PO4_Intermediate,1991,0.324210530048922
PO4_Surface,1991,0.260344825877712
PO4_Deep,1992,0.516086952193924
PO4_Intermediate,1992,0.366304345995836
PO4_Surface,1992,0.262898550247369
PO4_Deep,1993,0.571818183176219
PO4_Intermediate,1993,0.378636363470419
PO4_Surface,1993,0.254848485671435
PO4_Deep,1994,0.512499997900291
PO4_Intermediate,1994,0.36931818461215
PO4_Surface,1994,0.250151513483037
PO4_Deep,1995,0.49659090726213
PO4_Intermediate,1995,0.259090910538692
PO4_Surface,1995,0.205606060554132
PO4_Deep,1996,0.545581391730974
PO4_Intermediate,1996,0.372272726317698
PO4_Surface,1996,0.221666664562442
PO4_Deep,1997,0.397727272049947
PO4_Intermediate,1997,0.28045454680581
PO4_Surface,1997,0.22272727102267
PO4_Deep,1998,0.451428571627254
PO4_Intermediate,1998,0.306904758415407
PO4_Surface,1998,0.208870968030345
PO4_Deep,1999,0.448604648889497
PO4_Intermediate,1999,0.307500000450421
PO4_Surface,1999,0.208939390877883
PO4_Deep,2000,0.405915595083074
PO4_Intermediate,2000,0.286628983022335
PO4_Surface,2000,0.210278395640974
PO4_Deep,2001,0.416568102145737
PO4_Intermediate,2001,0.306492579084906
PO4_Surface,2001,0.209390646665159
PO4_Deep,2002,0.487939470935436
PO4_Intermediate,2002,0.303198245664438
PO4_Surface,2002,0.232147808438019
PO4_Deep,2003,0.461235499178821
PO4_Intermediate,2003,0.277343818875538
PO4_Surface,2003,0.195816712214075
PO4_Deep,2004,0.431849174760282
PO4_Intermediate,2004,0.319502825662494
PO4_Surface,2004,0.240904647515466
PO4_Deep,2005,0.449049658396027
PO4_Intermediate,2005,0.281491133384407
PO4_Surface,2005,0.203316813969815
PO4_Deep,2006,0.412820345976136
PO4_Intermediate,2006,0.287271828983318
PO4_Surface,2006,0.218776615392981
PO4_Deep,2007,0.445052446628159
PO4_Intermediate,2007,0.279274116439576
PO4_Surface,2007,0.235056560035005
PO4_Deep,2008,0.425142138011076
PO4_Intermediate,2008,0.342530282891609
PO4_Surface,2008,0.26158468546628
PO4_Deep,2009,0.401685765256052
PO4_Intermediate,2009,0.305185866420684
PO4_Surface,2009,0.240741859176669
PO4_Deep,2010,0.447780809551477
PO4_Intermediate,2010,0.263174459990114
PO4_Surface,2010,0.163375569134951
PO4_Deep,2011,0.320217319480751
PO4_Intermediate,2011,0.232113031022575
PO4_Surface,2011,0.185342203987681
PO4_Deep,2012,0.390167518772862
PO4_Intermediate,2012,0.256881298412654
PO4_Surface,2012,0.209229561726026
PO4_Deep,2013,0.424237796528773
PO4_Intermediate,2013,0.321793001991781
PO4_Surface,2013,0.231092722070488
PO4_Deep,2014,0.39624948901209
PO4_Intermediate,2014,0.261622839437967
PO4_Surface,2014,0.197513993716601
PO4_Deep,2015,0.372672185301781
PO4_Intermediate,2015,0.254338953559372
PO4_Surface,2015,0.224742623469369
PO4_Deep,2016,0.425109855153344
PO4_Intermediate,2016,0.283338161693378
PO4_Surface,2016,0.203319852212162
NO2_Deep,1990,0.346176472163814
NO2_Intermediate,1990,0.22029411880409
NO2_Surface,1990,0.17469999961555
NO2_Deep,1991,0.451666663799967
NO2_Intermediate,1991,0.321666668568339
NO2_Surface,1991,0.242539683563842
NO2_Deep,1992,0.287173914358668
NO2_Intermediate,1992,0.220217389864442
NO2_Surface,1992,0.125652173911964
NO2_Deep,1993,0.193409090692347
NO2_Intermediate,1993,0.217499999498779
NO2_Surface,1993,0.136060604261178
NO2_Deep,1994,0.400227270639417
NO2_Intermediate,1994,0.329772725066339
NO2_Surface,1994,0.237272727416095
NO2_Deep,1995,0.257499999070371
NO2_Intermediate,1995,0.263181817633185
NO2_Surface,1995,0.244393939801464
NO2_Deep,1996,0.183255812759663
NO2_Intermediate,1996,0.154318181162869
NO2_Surface,1996,0.114091058846139
NO2_Deep,1997,0.312499998306686
NO2_Intermediate,1997,0.25250000112944
NO2_Surface,1997,0.199696969353791
NO2_Deep,1998,0.302142857174788
NO2_Intermediate,1998,0.28904761737656
NO2_Surface,1998,0.175322580481729
NO2_Deep,1999,0.273023255082757
NO2_Intermediate,1999,0.277045453136617
NO2_Surface,1999,0.195757574288908
NO2_Deep,2000,0.278864043341442
NO2_Intermediate,2000,0.205480394070037
NO2_Surface,2000,0.172241569018095
NO2_Deep,2001,0.253571981162002
NO2_Intermediate,2001,0.246977382699366
NO2_Surface,2001,0.158405263879986
NO2_Deep,2002,0.270116775584895
NO2_Intermediate,2002,0.252456243726469
NO2_Surface,2002,0.133224674958795
NO2_Deep,2003,0.226818180897019
NO2_Intermediate,2003,0.207613636951216
NO2_Surface,2003,0.130484849129888
NO2_Deep,2004,0.267417048383504
NO2_Intermediate,2004,0.27294232561253
NO2_Surface,2004,0.174481364805251
NO2_Deep,2005,0.275895682798529
NO2_Intermediate,2005,0.26242329468104
NO2_Surface,2005,0.161060758541818
NO2_Deep,2006,0.25921677347188
NO2_Intermediate,2006,0.272876977920532
NO2_Surface,2006,0.189910605775587
NO2_Deep,2007,0.204625010998412
NO2_Intermediate,2007,0.218420152002099
NO2_Surface,2007,0.132278254467317
NO2_Deep,2008,0.42163334236565
NO2_Intermediate,2008,0.401315041479062
NO2_Surface,2008,0.278323610270904
NO2_Deep,2009,0.312667318579295
NO2_Intermediate,2009,0.206459354082851
NO2_Surface,2009,0.124827926951474
NO2_Deep,2010,0.251068819616921
NO2_Intermediate,2010,0.232380657736212
NO2_Surface,2010,0.127478946372867
NO2_Deep,2011,0.332265993742191
NO2_Intermediate,2011,0.348458938867502
NO2_Surface,2011,0.245753912012214
NO2_Deep,2012,0.310056900944222
NO2_Intermediate,2012,0.19489071581682
NO2_Surface,2012,0.154950000402151
NO2_Deep,2013,0.236752819396894
NO2_Intermediate,2013,0.244909696069292
NO2_Surface,2013,0.196573255569533
NO2_Deep,2014,0.338669047563929
NO2_Intermediate,2014,0.392346527173438
NO2_Surface,2014,0.211337305802965
NO2_Deep,2015,0.287533048455688
NO2_Intermediate,2015,0.195833167992532
NO2_Surface,2015,0.154661533719098
NO2_Deep,2016,0.24362460362979
NO2_Intermediate,2016,0.183924019675363
NO2_Surface,2016,0.0952262213086766
NO3_Deep,1990,3.23382352204884
NO3_Intermediate,1990,3.17882351423888
NO3_Surface,1990,2.70080001752824
NO3_Deep,1991,5.65880948447046
NO3_Intermediate,1991,3.97404762446171
NO3_Surface,1991,2.81365075222557
NO3_Deep,1992,4.41695648950079
NO3_Intermediate,1992,3.45326086797792
NO3_Surface,1992,2.91231885363442
NO3_Deep,1993,6.51818180473691
NO3_Intermediate,1993,4.06363633495163
NO3_Surface,1993,3.03425758058262
NO3_Deep,1994,5.88409086790952
NO3_Intermediate,1994,5.64227263087576
NO3_Surface,1994,4.11196971219033
NO3_Deep,1995,5.7568182349205
NO3_Intermediate,1995,4.49181818267839
NO3_Surface,1995,3.79348483918743
NO3_Deep,1996,5.54418598150098
NO3_Intermediate,1996,3.40681821175597
NO3_Surface,1996,1.95772726723755
NO3_Deep,1997,3.72045457227664
NO3_Intermediate,1997,3.06590907072479
NO3_Surface,1997,2.68757579041024
NO3_Deep,1998,4.64761910445633
NO3_Intermediate,1998,3.0076190728162
NO3_Surface,1998,2.31870966236438
NO3_Deep,1999,5.19395352310913
NO3_Intermediate,1999,5.12954546849836
NO3_Surface,1999,4.06893939976439
NO3_Deep,2000,3.89836050840941
NO3_Intermediate,2000,3.34448816693233
NO3_Surface,2000,2.77952492594098
NO3_Deep,2001,4.32634761794047
NO3_Intermediate,2001,3.33375855907798
NO3_Surface,2001,2.44902993222191
NO3_Deep,2002,6.35142522482645
NO3_Intermediate,2002,4.79754207620308
NO3_Surface,2002,3.88174770648281
NO3_Deep,2003,4.61752226948738
NO3_Intermediate,2003,3.50471636229618
NO3_Surface,2003,1.79839218317559
NO3_Deep,2004,3.99032503738999
NO3_Intermediate,2004,2.71462168507278
NO3_Surface,2004,2.09822022641699
NO3_Deep,2005,4.66305112838745
NO3_Intermediate,2005,3.42675867084075
NO3_Surface,2005,2.03983754306241
NO3_Deep,2006,3.64776787466624
NO3_Intermediate,2006,2.3793480807746
NO3_Surface,2006,1.48827068891489
NO3_Deep,2007,5.31494523720308
NO3_Intermediate,2007,3.7150080263276
NO3_Surface,2007,3.08326853337613
NO3_Deep,2008,4.5688620517877
NO3_Intermediate,2008,4.58314430341125
NO3_Surface,2008,3.0625393058766
NO3_Deep,2009,3.49131043320117
NO3_Intermediate,2009,2.58394983880546
NO3_Surface,2009,1.91306514152582
NO3_Deep,2010,4.21427413523197
NO3_Intermediate,2010,2.13309642951936
NO3_Surface,2010,0.958160346870621
NO3_Deep,2011,2.75735744963522
NO3_Intermediate,2011,2.59167743887266
NO3_Surface,2011,1.85564692034993
NO3_Deep,2012,3.68310899609192
NO3_Intermediate,2012,2.34820691140538
NO3_Surface,2012,1.84205430571103
NO3_Deep,2013,3.79002914171327
NO3_Intermediate,2013,2.81144334900786
NO3_Surface,2013,1.68948121301152
NO3_Deep,2014,4.4331369721754
NO3_Intermediate,2014,3.12352211807262
NO3_Surface,2014,2.02166084640405
NO3_Deep,2015,3.47778924554586
NO3_Intermediate,2015,2.64148439365354
NO3_Surface,2015,2.1941379586404
NO3_Deep,2016,4.4056036431681
NO3_Intermediate,2016,3.01655442809517
NO3_Surface,2016,2.25060232649698
NO2_NO3_Deep,1990,3.58000000259456
NO2_NO3_Intermediate,1990,3.39911761321127
NO2_NO3_Surface,1990,2.8755000166595
NO2_NO3_Deep,1991,6.11047616884822
NO2_NO3_Intermediate,1991,4.29571430225457
NO2_NO3_Surface,1991,3.05619044199822
NO2_NO3_Deep,1992,4.70413044483765
NO2_NO3_Intermediate,1992,3.67347827262205
NO2_NO3_Surface,1992,3.03797101510176
NO2_NO3_Deep,1993,6.71159090812911
NO2_NO3_Intermediate,1993,4.28113636323674
NO2_NO3_Surface,1993,3.17031818142895
NO2_NO3_Deep,1994,6.28431814367121
NO2_NO3_Intermediate,1994,5.97204542989758
NO2_NO3_Surface,1994,4.34924241900444
NO2_NO3_Deep,1995,6.01431821693074
NO2_NO3_Intermediate,1995,4.75500000183555
NO2_NO3_Surface,1995,4.03787876648659
NO2_NO3_Deep,1996,5.72744182999744
NO2_NO3_Intermediate,1996,3.56113638999787
NO2_NO3_Surface,1996,2.07181833591312
NO2_NO3_Deep,1997,4.03295455331152
NO2_NO3_Intermediate,1997,3.31840908561241
NO2_NO3_Surface,1997,2.88727273763807
NO2_NO3_Deep,1998,4.94976194060984
NO2_NO3_Intermediate,1998,3.29666667236459
NO2_NO3_Surface,1998,2.49403225498334
NO2_NO3_Deep,1999,5.46697679785795
NO2_NO3_Intermediate,1999,5.40659090131521
NO2_NO3_Surface,1999,4.26469696437319
NO2_NO3_Deep,2000,4.17722453922033
NO2_NO3_Intermediate,2000,3.54996854703253
NO2_NO3_Surface,2000,2.95176648317526
NO2_NO3_Deep,2001,4.57991961051117
NO2_NO3_Intermediate,2001,3.58073592152108
NO2_NO3_Surface,2001,2.60743521447435
NO2_NO3_Deep,2002,6.62154199395861
NO2_NO3_Intermediate,2002,5.04999832347745
NO2_NO3_Surface,2002,4.01497239282443
NO2_NO3_Deep,2003,4.84434040839022
NO2_NO3_Intermediate,2003,3.71232998167927
NO2_NO3_Surface,2003,1.92887704017939
NO2_NO3_Deep,2004,4.25774210691452
NO2_NO3_Intermediate,2004,2.98756400234997
NO2_NO3_Surface,2004,2.27270158206423
NO2_NO3_Deep,2005,4.93894683501937
NO2_NO3_Intermediate,2005,3.68918198618022
NO2_NO3_Surface,2005,2.20089828832583
NO2_NO3_Deep,2006,3.90698464350267
NO2_NO3_Intermediate,2006,2.65222504328598
NO2_NO3_Surface,2006,1.67818129864154
NO2_NO3_Deep,2007,5.51957024362954
NO2_NO3_Intermediate,2007,3.93342820030044
NO2_NO3_Surface,2007,3.21554678746245
NO2_NO3_Deep,2008,4.99049538915808
NO2_NO3_Intermediate,2008,4.98445932414721
NO2_NO3_Surface,2008,3.34086290176845
NO2_NO3_Deep,2009,3.80397773760816
NO2_NO3_Intermediate,2009,2.79040919454849
NO2_NO3_Surface,2009,2.03789307009699
NO2_NO3_Deep,2010,4.46534295976162
NO2_NO3_Intermediate,2010,2.36547710839659
NO2_NO3_Surface,2010,1.08563929374019
NO2_NO3_Deep,2011,3.08962344345839
NO2_NO3_Intermediate,2011,2.94013638875407
NO2_NO3_Surface,2011,2.10140083649236
NO2_NO3_Deep,2012,3.99316589872945
NO2_NO3_Intermediate,2012,2.54309763606976
NO2_NO3_Surface,2012,1.9970043145233
NO2_NO3_Deep,2013,4.02678195319392
NO2_NO3_Intermediate,2013,3.05635304190218
NO2_NO3_Surface,2013,1.88605447217935
NO2_NO3_Deep,2014,4.77180601385507
NO2_NO3_Intermediate,2014,3.51586864888668
NO2_NO3_Surface,2014,2.2329981599116
NO2_NO3_Deep,2015,3.76532229510221
NO2_NO3_Intermediate,2015,2.837317567996
NO2_NO3_Surface,2015,2.3487994770209
NO2_NO3_Deep,2016,4.64922823587602
NO2_NO3_Intermediate,2016,3.20047844675454
NO2_NO3_Surface,2016,2.34582852967309
NH4_Deep,1990,0.88388887544473
NH4_Intermediate,1990,1.05300000142306
NH4_Surface,1990,0.992000013651947
NH4_Deep,1991,0.714047621226027
NH4_Intermediate,1991,0.768333338201046
NH4_Surface,1991,0.683015875400059
NH4_Deep,1992,1.1772727212784
NH4_Intermediate,1992,1.01022727381099
NH4_Surface,1992,0.563636367519697
NH4_Deep,1993,0.636363643475554
NH4_Intermediate,1993,0.768181819976731
NH4_Surface,1993,0.634848488325423
NH4_Deep,1994,1.28604651415764
NH4_Intermediate,1994,1.5431818200106
NH4_Surface,1994,1.32878787634951
NH4_Deep,1995,1.33636363832788
NH4_Intermediate,1995,1.23636363819242
NH4_Surface,1995,0.825757578692653
NH4_Deep,1996,1.05813953696295
NH4_Intermediate,1996,1.12272727455605
NH4_Surface,1996,1.01363636508132
NH4_Deep,1997,0.938636362552643
NH4_Intermediate,1997,1.03863637115468
NH4_Surface,1997,0.837878797541965
NH4_Deep,1998,0.697368423209379
NH4_Intermediate,1998,0.876315792532344
NH4_Surface,1998,0.976785712875426
NH4_Deep,1999,0.837209312548471
NH4_Intermediate,1999,1.06363636864857
NH4_Surface,1999,0.977272732578444
NH4_Deep,2000,1.19090909460051
NH4_Intermediate,2000,1.19166665772597
NH4_Surface,2000,1.21805555632131
NH4_Deep,2001,1.1704545581544
NH4_Intermediate,2001,1.20909090695733
NH4_Surface,2001,0.892424245110967
NH4_Deep,2002,0.664878047820998
NH4_Intermediate,2002,0.863809526676223
NH4_Surface,2002,0.818888888354339
NH4_Deep,2003,0.986363638869741
NH4_Intermediate,2003,1.00454546020112
NH4_Surface,2003,0.984848489928426
NH4_Deep,2004,0.712499996088445
NH4_Intermediate,2004,0.907500002719462
NH4_Surface,2004,0.956666666766008
NH4_Deep,2005,1.02727273191241
NH4_Intermediate,2005,0.925000001083721
NH4_Surface,2005,0.639393941583959
NH4_Deep,2006,0.997727276249365
NH4_Intermediate,2006,1.05909090878611
NH4_Surface,2006,0.789393943593358
NH4_Deep,2007,0.691395355345205
NH4_Intermediate,2007,0.806818196550012
NH4_Surface,2007,0.666666670617732
NH4_Deep,2008,0.729545460336588
NH4_Intermediate,2008,0.929545463824814
NH4_Surface,2008,0.731818184256554
NH4_Deep,2009,1.1589157714144
NH4_Intermediate,2009,0.890710740471664
NH4_Surface,2009,0.896073028985141
NH4_Deep,2010,1.0982283923775
NH4_Intermediate,2010,0.951073782145977
NH4_Surface,2010,0.759939190372825
NH4_Deep,2011,1.15739799273156
NH4_Intermediate,2011,1.18081666901708
NH4_Surface,2011,0.806135787850335
NH4_Deep,2012,0.947758391499519
NH4_Intermediate,2012,0.876601058102789
NH4_Surface,2012,0.817297901662569
NH4_Deep,2013,NA
NH4_Intermediate,2013,0.768088870016592
NH4_Surface,2013,0.767572115101511
NH4_Deep,2014,NA
NH4_Intermediate,2014,0.711149299686605
NH4_Surface,2014,0.765559981943983
NH4_Deep,2015,NA
NH4_Intermediate,2015,0.966792644763535
NH4_Surface,2015,0.835218871407437
NH4_Deep,2016,NA
NH4_Intermediate,2016,0.854683074592189
NH4_Surface,2016,0.698698657085047
SiO4_Deep,1990,3.56382353516186
SiO4_Intermediate,1990,3.14882351019803
SiO4_Surface,1990,2.90560000270605
SiO4_Deep,1991,4.23738095873878
SiO4_Intermediate,1991,3.01023806276776
SiO4_Surface,1991,2.43539681368404
SiO4_Deep,1992,3.47543478530386
SiO4_Intermediate,1992,2.5750000010366
SiO4_Surface,1992,2.52898551242939
SiO4_Deep,1993,4.11590911041607
SiO4_Intermediate,1993,3.06363635645671
SiO4_Surface,1993,3.1106060405798
SiO4_Deep,1994,3.82045456225222
SiO4_Intermediate,1994,3.32500000162558
SiO4_Surface,1994,2.96833332955386
SiO4_Deep,1995,3.75909090042114
SiO4_Intermediate,1995,2.99318181892688
SiO4_Surface,1995,2.92121213516503
SiO4_Deep,1996,3.56046513346739
SiO4_Intermediate,1996,2.79772728071971
SiO4_Surface,1996,2.89848484516595
SiO4_Deep,1997,3.02727273377505
SiO4_Intermediate,1997,2.57954544370825
SiO4_Surface,1997,2.55757575628884
SiO4_Deep,1998,3.6957143062637
SiO4_Intermediate,1998,2.93261905653136
SiO4_Surface,1998,3.07048386515629
SiO4_Deep,1999,4.00488371904506
SiO4_Intermediate,1999,3.43863639235497
SiO4_Surface,1999,3.26363636790351
SiO4_Deep,2000,3.60127179731022
SiO4_Intermediate,2000,3.09098965674639
SiO4_Surface,2000,3.57155599186404
SiO4_Deep,2001,3.76519973169674
SiO4_Intermediate,2001,3.05177313631231
SiO4_Surface,2001,3.20908423174511
SiO4_Deep,2002,4.61268370492118
SiO4_Intermediate,2002,3.54607968103318
SiO4_Surface,2002,3.47384340517105
SiO4_Deep,2003,3.72759480232542
SiO4_Intermediate,2003,2.9176185449416
SiO4_Surface,2003,2.22585005358313
SiO4_Deep,2004,3.43592082560062
SiO4_Intermediate,2004,2.7267827257514
SiO4_Surface,2004,2.79911514086028
SiO4_Deep,2005,3.84775250879201
SiO4_Intermediate,2005,2.94424091715535
SiO4_Surface,2005,2.79445028875136
SiO4_Deep,2006,3.68283216519789
SiO4_Intermediate,2006,3.0621952902187
SiO4_Surface,2006,3.07271056396492
SiO4_Deep,2007,4.43498483029279
SiO4_Intermediate,2007,3.86977562037381
SiO4_Surface,2007,3.81247401779348
SiO4_Deep,2008,4.16059951348738
SiO4_Intermediate,2008,3.98456847176633
SiO4_Surface,2008,3.69093845739509
SiO4_Deep,2009,3.1463647769845
SiO4_Intermediate,2009,2.99845287981241
SiO4_Surface,2009,2.82751843074094
SiO4_Deep,2010,3.54626494646072
SiO4_Intermediate,2010,2.37523578107357
SiO4_Surface,2010,1.60218648289641
SiO4_Deep,2011,3.03103990399319
SiO4_Intermediate,2011,2.47997591741707
SiO4_Surface,2011,2.75843061674116
SiO4_Deep,2012,3.81429622931914
SiO4_Intermediate,2012,3.08355068923398
SiO4_Surface,2012,3.26290186136171
SiO4_Deep,2013,3.5839972902428
SiO4_Intermediate,2013,2.90068691901185
SiO4_Surface,2013,2.97214700789614
SiO4_Deep,2014,3.64150766621936
SiO4_Intermediate,2014,3.01294670863585
SiO4_Surface,2014,2.82329309754299
SiO4_Deep,2015,3.137653040615
SiO4_Intermediate,2015,2.50729480182583
SiO4_Surface,2015,2.73937846426711
SiO4_Deep,2016,3.84509653665803
SiO4_Intermediate,2016,3.0716470263221
SiO4_Surface,2016,2.85602496756297
N_P_Deep,1990,5.93373332654729
N_P_Intermediate,1990,6.52462108696208
N_P_Surface,1990,6.52951993703842
N_P_Deep,1991,9.81662156523728
N_P_Intermediate,1991,8.73344947042919
N_P_Surface,1991,9.04219060852414
N_P_Deep,1992,8.72303883407427
N_P_Intermediate,1992,10.0149970728418
N_P_Surface,1992,14.1377659500509
N_P_Deep,1993,10.9659034989097
N_P_Intermediate,1993,9.39693246646361
N_P_Surface,1993,9.59150682434891
N_P_Deep,1994,11.7591997168281
N_P_Intermediate,1994,14.9096547500654
N_P_Surface,1994,23.48370435563
N_P_Deep,1995,11.8087474541231
N_P_Intermediate,1995,26.0795249288732
N_P_Surface,1995,25.5088184367527
N_P_Deep,1996,9.48060418284217
N_P_Intermediate,1996,7.87789426608519
N_P_Surface,1996,7.02239504321055
N_P_Deep,1997,9.46595197916031
N_P_Intermediate,1997,10.6897898153825
N_P_Surface,1997,10.6871142586072
N_P_Deep,1998,10.1659494241079
N_P_Intermediate,1998,9.97954259599958
N_P_Surface,1998,15.3826548111054
N_P_Deep,1999,11.3253747973331
N_P_Intermediate,1999,24.5390234372833
N_P_Surface,1999,38.1172034090215
N_P_Deep,2000,9.58703556927768
N_P_Intermediate,2000,13.6014606853326
N_P_Surface,2000,31.484130187581
N_P_Deep,2001,9.95385912060738
N_P_Intermediate,2001,10.4058127240701
N_P_Surface,2001,10.4338011840979
N_P_Deep,2002,13.1494645504724
N_P_Intermediate,2002,16.9762964418956
N_P_Surface,2002,18.3082237149042
N_P_Deep,2003,9.44288620081815
N_P_Intermediate,2003,12.9130256392739
N_P_Surface,2003,8.87069640015111
N_P_Deep,2004,9.20440193414688
N_P_Intermediate,2004,8.7956202596426
N_P_Surface,2004,8.26494400898616
N_P_Deep,2005,10.4153492450714
N_P_Intermediate,2005,13.2249899127267
N_P_Surface,2005,7.02852553580747
N_P_Deep,2006,8.26167298988863
N_P_Intermediate,2006,8.05836338617585
N_P_Surface,2006,6.80984378944744
N_P_Deep,2007,11.6686045690016
N_P_Intermediate,2007,11.9443024505268
N_P_Surface,2007,9.786455092105
N_P_Deep,2008,10.739698139104
N_P_Intermediate,2008,12.9853820678863
N_P_Surface,2008,10.7961172226704
N_P_Deep,2009,8.58823842846829
N_P_Intermediate,2009,7.17060296431832
N_P_Surface,2009,6.1416239168333
N_P_Deep,2010,9.33002470731735
N_P_Intermediate,2010,7.62467339634895
N_P_Surface,2010,5.23222543994586
N_P_Deep,2011,8.18857983402584
N_P_Intermediate,2011,10.7374996737294
N_P_Surface,2011,11.5119651720144
N_P_Deep,2012,9.07341182773763
N_P_Intermediate,2012,8.13254008509896
N_P_Surface,2012,7.15620381904371
N_P_Deep,2013,8.38861552693627
N_P_Intermediate,2013,7.43817177414894
N_P_Surface,2013,5.4457146489259
N_P_Deep,2014,11.6848288557746
N_P_Intermediate,2014,11.921184155074
N_P_Surface,2014,8.68269270297253
N_P_Deep,2015,9.11823961409655
N_P_Intermediate,2015,9.3843726597049
N_P_Surface,2015,8.80471351291194
N_P_Deep,2016,10.2130810212005
N_P_Intermediate,2016,9.95835892178795
N_P_Surface,2016,7.98225663105647
Klorofyll_Deep,1990,0.368999999016523
Klorofyll_Intermediate,1990,0.807941176435527
Klorofyll_Surface,1990,1.59803921568627
Klorofyll_Deep,1991,0.347499996423721
Klorofyll_Intermediate,1991,1.05560975685352
Klorofyll_Surface,1991,1.23079365728393
Klorofyll_Deep,1992,0.415416665608063
Klorofyll_Intermediate,1992,0.67826087060182
Klorofyll_Surface,1992,1.49391304518002
Klorofyll_Deep,1993,0.454545462334698
Klorofyll_Intermediate,1993,0.968181823295626
Klorofyll_Surface,1993,1.91818181899461
Klorofyll_Deep,1994,0.745454546064138
Klorofyll_Intermediate,1994,1.09318182075566
Klorofyll_Surface,1994,2.69090910075289
Klorofyll_Deep,1995,0.354545461521907
Klorofyll_Intermediate,1995,0.979545467109843
Klorofyll_Surface,1995,1.81515151126818
Klorofyll_Deep,1996,0.283636370165782
Klorofyll_Intermediate,1996,1.13409091142768
Klorofyll_Surface,1996,1.6181818350698
Klorofyll_Deep,1997,0.350000003522093
Klorofyll_Intermediate,1997,0.818181824616411
Klorofyll_Surface,1997,1.1075757561308
Klorofyll_Deep,1998,0.676190483073393
Klorofyll_Intermediate,1998,1.26666667596215
Klorofyll_Surface,1998,2.13548386745876
Klorofyll_Deep,1999,0.354545459489931
Klorofyll_Intermediate,1999,0.820454546673731
Klorofyll_Surface,1999,2.03030305039702
Klorofyll_Deep,2000,0.393098397011107
Klorofyll_Intermediate,2000,0.773044358318051
Klorofyll_Surface,2000,1.69491472798917
Klorofyll_Deep,2001,0.43557866449867
Klorofyll_Intermediate,2001,1.10946699533434
Klorofyll_Surface,2001,2.10493668015041
Klorofyll_Deep,2002,0.537255449309236
Klorofyll_Intermediate,2002,0.932463901028747
Klorofyll_Surface,2002,1.74707856395888
Klorofyll_Deep,2003,0.482481587339531
Klorofyll_Intermediate,2003,1.14941755766896
Klorofyll_Surface,2003,2.0881903446985
Klorofyll_Deep,2004,0.428787842392921
Klorofyll_Intermediate,2004,0.804959027469158
Klorofyll_Surface,2004,1.42837732533614
Klorofyll_Deep,2005,0.434603109955788
Klorofyll_Intermediate,2005,0.922981758347966
Klorofyll_Surface,2005,1.68134770677848
Klorofyll_Deep,2006,0.33293967931108
Klorofyll_Intermediate,2006,1.02839813296768
Klorofyll_Surface,2006,1.91618167947639
Klorofyll_Deep,2007,0.46312435885722
Klorofyll_Intermediate,2007,0.746970345012166
Klorofyll_Surface,2007,1.3543728068471
Klorofyll_Deep,2008,0.368245109915733
Klorofyll_Intermediate,2008,1.01744059507142
Klorofyll_Surface,2008,1.6033659365141
Klorofyll_Deep,2009,0.361070550654245
Klorofyll_Intermediate,2009,0.652575506788233
Klorofyll_Surface,2009,1.72117880613044
Klorofyll_Deep,2010,0.21816076003015
Klorofyll_Intermediate,2010,0.610139878839254
Klorofyll_Surface,2010,1.46677822868029
Klorofyll_Deep,2011,0.365100677246633
Klorofyll_Intermediate,2011,0.859275358364634
Klorofyll_Surface,2011,1.86966732749041
Klorofyll_Deep,2012,0.325530434873971
Klorofyll_Intermediate,2012,1.06275692785328
Klorofyll_Surface,2012,0.937548783692447
Klorofyll_Deep,2013,0.310317636068378
Klorofyll_Intermediate,2013,0.64963501420888
Klorofyll_Surface,2013,1.16307939521291
Klorofyll_Deep,2014,0.52279540066692
Klorofyll_Intermediate,2014,0.776993644339117
Klorofyll_Surface,2014,1.33352135550795
Klorofyll_Deep,2015,0.504423736780882
Klorofyll_Intermediate,2015,0.775251618501815
Klorofyll_Surface,2015,1.5276428704912
Klorofyll_Deep,2016,0.403827275064859
Klorofyll_Intermediate,2016,0.659879175268791
Klorofyll_Surface,2016,1.91162993217056
TotP_Deep,1990,NA
TotP_Intermediate,1990,NA
TotP_Surface,1990,NA
TotP_Deep,1991,0.675000003642506
TotP_Intermediate,1991,0.624210528637234
TotP_Surface,1991,0.598965518433472
TotP_Deep,1992,0.705227272754366
TotP_Intermediate,1992,0.568837206031001
TotP_Surface,1992,0.544848484297593
TotP_Deep,1993,0.74325581172178
TotP_Intermediate,1993,0.582954548299313
TotP_Surface,1993,0.544090910391374
TotP_Deep,1994,0.657045446336269
TotP_Intermediate,1994,0.559545457363129
TotP_Surface,1994,0.529696972081156
TotP_Deep,1995,0.647727273404598
TotP_Intermediate,1995,0.476363636214625
TotP_Surface,1995,0.469696968568094
TotP_Deep,1996,0.744651158881742
TotP_Intermediate,1996,0.613181817260655
TotP_Surface,1996,0.500923072833281
TotP_Deep,1997,0.593863636255264
TotP_Intermediate,1997,0.515681816095656
TotP_Surface,1997,0.494848481181896
TotP_Deep,1998,0.654249999672174
TotP_Intermediate,1998,0.562999998033047
TotP_Surface,1998,0.552542374295703
TotP_Deep,1999,0.656279064888178
TotP_Intermediate,1999,0.53045454011722
TotP_Surface,1999,0.508939394896681
TotP_Deep,2000,0.580227276818319
TotP_Intermediate,2000,0.489166667064031
TotP_Surface,2000,0.495138888971673
TotP_Deep,2001,0.582954546267336
TotP_Intermediate,2001,0.50545454567129
TotP_Surface,2001,0.49893939291889
TotP_Deep,2002,0.738809519580432
TotP_Intermediate,2002,0.553095236420631
TotP_Surface,2002,0.547460320450011
TotP_Deep,2003,0.676363632760265
TotP_Intermediate,2003,0.531363634900613
TotP_Surface,2003,0.493939393397534
TotP_Deep,2004,0.689369942247868
TotP_Intermediate,2004,0.586717925220728
TotP_Surface,2004,0.568782598773638
TotP_Deep,2005,0.681358357044784
TotP_Intermediate,2005,0.554168495942246
TotP_Surface,2005,0.517363984476436
TotP_Deep,2006,0.615642795508558
TotP_Intermediate,2006,0.518445803360505
TotP_Surface,2006,0.510763364759358
TotP_Deep,2007,0.622740746237511
TotP_Intermediate,2007,0.488875263116576
TotP_Surface,2007,0.504374269283179
TotP_Deep,2008,0.646884024820545
TotP_Intermediate,2008,0.590462173250588
TotP_Surface,2008,0.57237219991106
TotP_Deep,2009,0.601275101304054
TotP_Intermediate,2009,0.54380497077237
TotP_Surface,2009,0.552957977937615
TotP_Deep,2010,0.673965262621641
TotP_Intermediate,2010,0.526406567543745
TotP_Surface,2010,0.504402081171672
TotP_Deep,2011,0.575705648823218
TotP_Intermediate,2011,0.470113395289941
TotP_Surface,2011,0.496971427942767
TotP_Deep,2012,0.601892115040259
TotP_Intermediate,2012,0.468546691265973
TotP_Surface,2012,0.476460147987713
TotP_Deep,2013,0.609261485663327
TotP_Intermediate,2013,0.544772498986938
TotP_Surface,2013,0.516171087143999
TotP_Deep,2014,0.596753948114135
TotP_Intermediate,2014,0.482976681806824
TotP_Surface,2014,0.498130533279795
TotP_Deep,2015,0.56888435035944
TotP_Intermediate,2015,0.479277410290458
TotP_Surface,2015,0.513771116282001
TotP_Deep,2016,0.626861862160943
TotP_Intermediate,2016,0.511959137564356
TotP_Surface,2016,0.491392547434027
TotN_Deep,1990,12.0284999847412
TotN_Intermediate,1990,12.9429999828339
TotN_Surface,1990,14.9920689484169
TotN_Deep,1991,15.6042856715974
TotN_Intermediate,1991,14.6561903499422
TotN_Surface,1991,16.2709524366591
TotN_Deep,1992,15.0411363081499
TotN_Intermediate,1992,14.818181774833
TotN_Surface,1992,15.8193939815868
TotN_Deep,1993,15.5977272553877
TotN_Intermediate,1993,14.9181819395585
TotN_Surface,1993,16.6606059796882
TotN_Deep,1994,16.654545545578
TotN_Intermediate,1994,17.4704545411197
TotN_Surface,1994,19.2606061444138
TotN_Deep,1995,15.611363584345
TotN_Intermediate,1995,16.2659091082486
TotN_Surface,1995,18.2227272987366
TotN_Deep,1996,15.1534883366075
TotN_Intermediate,1996,15.3818182295019
TotN_Surface,1996,15.6753846975473
TotN_Deep,1997,14.0454546104778
TotN_Intermediate,1997,15.1318181428042
TotN_Surface,1997,15.823077069796
TotN_Deep,1998,14.4100000143051
TotN_Intermediate,1998,14.8050000667572
TotN_Surface,1998,17.8101694624303
TotN_Deep,1999,16.7744186312653
TotN_Intermediate,1999,17.8909089998765
TotN_Surface,1999,20.3681819511182
TotN_Deep,2000,15.4977273074063
TotN_Intermediate,2000,15.5375000039736
TotN_Surface,2000,17.9458332591587
TotN_Deep,2001,16.4568182121624
TotN_Intermediate,2001,16.2659091082486
TotN_Surface,2001,18.3878787936586
TotN_Deep,2002,17.4095238503956
TotN_Intermediate,2002,17.1904762131827
TotN_Surface,2002,18.360317502703
TotN_Deep,2003,16.1181818138469
TotN_Intermediate,2003,16.8136366063898
TotN_Surface,2003,18.5666666464372
TotN_Deep,2004,15.2189838886261
TotN_Intermediate,2004,15.3822144269943
TotN_Surface,2004,18.5829233805339
TotN_Deep,2005,18.0792895447124
TotN_Intermediate,2005,17.22843950445
TotN_Surface,2005,18.2683477112741
TotN_Deep,2006,14.959894657135
TotN_Intermediate,2006,14.4185921495611
TotN_Surface,2006,16.3599209351973
TotN_Deep,2007,15.899064773737
TotN_Intermediate,2007,15.0635642138394
TotN_Surface,2007,17.0469936891036
TotN_Deep,2008,16.165407744321
TotN_Intermediate,2008,18.057874917984
TotN_Surface,2008,17.9087372404156
TotN_Deep,2009,14.5886052173117
TotN_Intermediate,2009,13.8862073317818
TotN_Surface,2009,15.5243365246317
TotN_Deep,2010,15.8768797874451
TotN_Intermediate,2010,13.6466547012329
TotN_Surface,2010,14.6629181067149
TotN_Deep,2011,13.2826501022686
TotN_Intermediate,2011,14.2244993773374
TotN_Surface,2011,16.4364223769217
TotN_Deep,2012,14.4355014887723
TotN_Intermediate,2012,13.968177578666
TotN_Surface,2012,16.0479255589572
TotN_Deep,2013,14.2445690198378
TotN_Intermediate,2013,13.8259040225636
TotN_Surface,2013,15.5260633266333
TotN_Deep,2014,15.0743378292431
TotN_Intermediate,2014,14.9542885260148
TotN_Surface,2014,18.4217529152379
TotN_Deep,2015,14.4636935104023
TotN_Intermediate,2015,14.4298801205375
TotN_Surface,2015,16.8180881991531
TotN_Deep,2016,16.3898671757091
TotN_Intermediate,2016,15.1310930252075
TotN_Surface,2016,16.7673877802762
POP_Deep,1990,NA
POP_Intermediate,1990,NA
POP_Surface,1990,NA
POP_Deep,1991,0.0477777769168218
POP_Intermediate,1991,0.0663157892658522
POP_Surface,1991,0.0844827588519146
POP_Deep,1992,0.0472727273167534
POP_Intermediate,1992,0.0636363629759713
POP_Surface,1992,0.0962121208395922
POP_Deep,1993,0.0409090903333642
POP_Intermediate,1993,0.0643181813542138
POP_Surface,1993,0.114999999433304
POP_Deep,1994,0.0590909081087871
POP_Intermediate,1994,0.0818181823177094
POP_Surface,1994,0.13303030282259
POP_Deep,1995,0.0549999997019768
POP_Intermediate,1995,0.0918181810358709
POP_Surface,1995,0.137727272160577
POP_Deep,1996,0.0671428575047425
POP_Intermediate,1996,0.0888636357743632
POP_Surface,1996,0.120757575908845
POP_Deep,1997,0.0590476194130523
POP_Intermediate,1997,0.0840476190760022
POP_Surface,1997,0.110793650741615
POP_Deep,1998,0.0581428569109578
POP_Intermediate,1998,0.0935000000521541
POP_Surface,1998,0.156271186420473
POP_Deep,1999,0.0573913041178299
POP_Intermediate,1999,0.0834090909497304
POP_Surface,1999,0.146833332311926
POP_Deep,2000,0.0665217390202958
POP_Intermediate,2000,0.0870833337151756
POP_Surface,2000,0.150833332859394
POP_Deep,2001,0.0713636365465142
POP_Intermediate,2001,0.103409091137688
POP_Surface,2001,0.152727272813067
POP_Deep,2002,0.0685714287239881
POP_Intermediate,2002,0.100714285857975
POP_Surface,2002,0.15142857141438
POP_Deep,2003,0.0709090908481316
POP_Intermediate,2003,0.0961363634348593
POP_Surface,2003,0.142272726547989
POP_Deep,2004,0.0579999995417893
POP_Intermediate,2004,0.0777499996125698
POP_Surface,2004,0.118333333482345
POP_Deep,2005,0.0583534548059106
POP_Intermediate,2005,0.0776421818882227
POP_Surface,2005,0.136579878289591
POP_Deep,2006,0.0518519348380241
POP_Intermediate,2006,0.0806112212382934
POP_Surface,2006,0.147507138268063
POP_Deep,2007,0.0529718161338852
POP_Intermediate,2007,0.076149925166233
POP_Surface,2007,0.13734586175644
POP_Deep,2008,0.0571706865660169
POP_Intermediate,2008,0.0967387033756389
POP_Surface,2008,0.134490443845138
POP_Deep,2009,0.0602468739709128
POP_Intermediate,2009,0.0759353900490248
POP_Surface,2009,0.141429541200615
POP_Deep,2010,0.0540867236442864
POP_Intermediate,2010,0.0722495082765818
POP_Surface,2010,0.143163853635391
POP_Deep,2011,0.0601423439569771
POP_Intermediate,2011,0.0865330059081316
POP_Surface,2011,0.146305151283741
POP_Deep,2012,0.0638015149604707
POP_Intermediate,2012,0.076399641998467
POP_Surface,2012,0.119934619773948
POP_Deep,2013,NA
POP_Intermediate,2013,0.0726354488482078
POP_Surface,2013,0.130876512458873
POP_Deep,2014,NA
POP_Intermediate,2014,0.0693349547218531
POP_Surface,2014,0.135631967307718
POP_Deep,2015,NA
POP_Intermediate,2015,0.085880027406595
POP_Surface,2015,0.128934582074483
POP_Deep,2016,NA
POP_Intermediate,2016,0.0724128252741965
POP_Surface,2016,0.118628430208473
PON_Deep,1990,0.680000007152557
PON_Intermediate,1990,1.10499999821186
PON_Surface,1990,1.91666665673256
PON_Deep,1991,1.03052632824371
PON_Intermediate,1991,1.22918918487188
PON_Surface,1991,1.6063333367308
PON_Deep,1992,0.872727272185412
PON_Intermediate,1992,1.35090908611363
PON_Surface,1992,1.76363636508132
PON_Deep,1993,0.759090905839747
PON_Intermediate,1993,1.10909090597521
PON_Surface,1993,1.61515151641586
PON_Deep,1994,0.80952857213803
PON_Intermediate,1994,1.24186046664105
PON_Surface,1994,1.89076922994394
PON_Deep,1995,0.731818181547252
PON_Intermediate,1995,1.32045454193245
PON_Surface,1995,1.90615383570011
PON_Deep,1996,0.804761903626578
PON_Intermediate,1996,1.34090908210386
PON_Surface,1996,1.58484848972523
PON_Deep,1997,0.654545460234989
PON_Intermediate,1997,0.927272726866332
PON_Surface,1997,1.40454545842879
PON_Deep,1998,0.780000011622906
PON_Intermediate,1998,1.02307692170143
PON_Surface,1998,1.81355932304415
PON_Deep,1999,0.990476196720487
PON_Intermediate,1999,1.18409090692347
PON_Surface,1999,2.06515151533214
PON_Deep,2000,1.0363636450334
PON_Intermediate,2000,1.20833333581686
PON_Surface,2000,2.08888886703385
PON_Deep,2001,1.25909091125835
PON_Intermediate,2001,1.74318180368705
PON_Surface,2001,2.68030302362009
PON_Deep,2002,1.05714285515604
PON_Intermediate,2002,1.804761889435
PON_Surface,2002,2.46349204154242
PON_Deep,2003,1.25454544208267
PON_Intermediate,2003,1.93863636119799
PON_Surface,2003,2.86212120092276
PON_Deep,2004,0.979999996721745
PON_Intermediate,2004,1.44500001221895
PON_Surface,2004,2.43499998648961
PON_Deep,2005,1.14512873237783
PON_Intermediate,2005,1.36860945008018
PON_Surface,2005,2.5237391536886
PON_Deep,2006,0.735454545779662
PON_Intermediate,2006,1.02727272835645
PON_Surface,2006,1.70590908780242
PON_Deep,2007,0.749523805720466
PON_Intermediate,2007,0.898726916448636
PON_Surface,2007,1.52732713746302
PON_Deep,2008,1.35870703912917
PON_Intermediate,2008,1.80560946870934
PON_Surface,2008,2.20417689373999
PON_Deep,2009,1.34667937004048
PON_Intermediate,2009,1.51098812598249
PON_Surface,2009,2.18743532982425
PON_Deep,2010,0.964111427590251
PON_Intermediate,2010,1.23962897062302
PON_Surface,2010,2.04987182617187
PON_Deep,2011,1.30226736366749
PON_Intermediate,2011,1.42133491486311
PON_Surface,2011,2.21067446966966
PON_Deep,2012,1.35909146354312
PON_Intermediate,2012,1.35638431920892
PON_Surface,2012,1.90536960013329
PON_Deep,2013,NA
PON_Intermediate,2013,1.16493501123928
PON_Surface,2013,1.91092113559208
PON_Deep,2014,NA
PON_Intermediate,2014,1.32847021249208
PON_Surface,2014,2.33012980674252
PON_Deep,2015,NA
PON_Intermediate,2015,1.4375382092866
PON_Surface,2015,2.28386045766599
PON_Deep,2016,NA
PON_Intermediate,2016,1.11689226383843
PON_Surface,2016,1.62329016601453
POC_Deep,1990,5.00000002384186
POC_Intermediate,1990,7.72500003576279
POC_Surface,1990,14.2066665967305
POC_Deep,1991,7.8171428385235
POC_Intermediate,1991,8.8086486442669
POC_Surface,1991,11.4851612775557
POC_Deep,1992,5.53636369921944
POC_Intermediate,1992,8.08863642540845
POC_Surface,1992,11.3895454370614
POC_Deep,1993,5.13636360385201
POC_Intermediate,1993,7.50681819699027
POC_Surface,1993,12.1151515064817
POC_Deep,1994,6.43636362119155
POC_Intermediate,1994,8.39545459097082
POC_Surface,1994,13.5272727572557
POC_Deep,1995,5.72272729873657
POC_Intermediate,1995,9.41136366128922
POC_Surface,1995,15.1893939538436
POC_Deep,1996,6.20476192519778
POC_Intermediate,1996,9.0954545844685
POC_Surface,1996,11.8212121544462
POC_Deep,1997,5.7909091331742
POC_Intermediate,1997,7.95227272402157
POC_Surface,1997,10.5757575938196
POC_Deep,1998,5.56499999761581
POC_Intermediate,1998,7.23589740655361
POC_Surface,1998,13.2271186254792
POC_Deep,1999,7.9238095056443
POC_Intermediate,1999,9.05000003901395
POC_Surface,1999,15.706060554042
POC_Deep,2000,7.95454549789429
POC_Intermediate,2000,9.36458337306976
POC_Surface,2000,16.8736111256811
POC_Deep,2001,10.0909091125835
POC_Intermediate,2001,12.4409090714021
POC_Surface,2001,19.1409089998765
POC_Deep,2002,8.41428565979004
POC_Intermediate,2002,12.5428570225125
POC_Surface,2002,18.8968253892566
POC_Deep,2003,8.78500006198883
POC_Intermediate,2003,11.6119047687167
POC_Surface,2003,16.3984848658244
POC_Deep,2004,6.25499995946884
POC_Intermediate,2004,7.46000000834465
POC_Surface,2004,13.1586207521373
POC_Deep,2005,12.7363923462954
POC_Intermediate,2005,10.0377788218585
POC_Surface,2005,16.2592033617424
POC_Deep,2006,7.46590899337422
POC_Intermediate,2006,9.21545455672524
POC_Surface,2006,14.663333307613
POC_Deep,2007,7.39047622680664
POC_Intermediate,2007,8.62539637630636
POC_Surface,2007,14.733852686304
POC_Deep,2008,9.26234255518232
POC_Intermediate,2008,12.8931274197318
POC_Surface,2008,16.1947646141052
POC_Deep,2009,10.949986262755
POC_Intermediate,2009,11.8910085613077
POC_Surface,2009,17.1929726094911
POC_Deep,2010,8.22788821458817
POC_Intermediate,2010,9.74223719835281
POC_Surface,2010,16.1510113318761
POC_Deep,2011,9.89616093635559
POC_Intermediate,2011,10.2149585962296
POC_Surface,2011,16.7781585057576
POC_Deep,2012,11.5180151576088
POC_Intermediate,2012,11.5540866170611
POC_Surface,2012,16.8279523773799
POC_Deep,2013,NA
POC_Intermediate,2013,9.69782378560021
POC_Surface,2013,16.1520511006552
POC_Deep,2014,NA
POC_Intermediate,2014,12.2642752582377
POC_Surface,2014,21.1115746931596
POC_Deep,2015,NA
POC_Intermediate,2015,10.5432309995998
POC_Surface,2015,17.7128268733169
POC_Deep,2016,NA
POC_Intermediate,2016,9.52193064136165
POC_Surface,2016,13.2043602005128
TSM_Deep,1990,0.447
TSM_Intermediate,1990,0.4095
TSM_Surface,1990,0.546666666666667
TSM_Deep,1991,0.886111111111111
TSM_Intermediate,1991,0.672631578947368
TSM_Surface,1991,0.751607142857143
TSM_Deep,1992,0.7265
TSM_Intermediate,1992,0.501578947368421
TSM_Surface,1992,0.571803278688525
TSM_Deep,1993,0.7835
TSM_Intermediate,1993,0.695365853658537
TSM_Surface,1993,0.810625
TSM_Deep,1994,0.848260869565217
TSM_Intermediate,1994,0.717380952380952
TSM_Surface,1994,0.909848484848485
TSM_Deep,1995,0.659444444444444
TSM_Intermediate,1995,0.7971875
TSM_Surface,1995,0.928913043478261
TSM_Deep,1996,0.588947368421053
TSM_Intermediate,1996,0.556153846153846
TSM_Surface,1996,0.648245614035088
TSM_Deep,1997,0.719090909090909
TSM_Intermediate,1997,0.606818181818182
TSM_Surface,1997,0.667424242424242
TSM_Deep,1998,0.72
TSM_Intermediate,1998,0.627272727272727
TSM_Surface,1998,0.803404255319149
TSM_Deep,1999,0.8495
TSM_Intermediate,1999,0.722954545454545
TSM_Surface,1999,0.992727272727273
TSM_Deep,2000,1.25526315789474
TSM_Intermediate,2000,0.820416666666667
TSM_Surface,2000,1.07180555555556
TSM_Deep,2001,0.87
TSM_Intermediate,2001,0.765952380952381
TSM_Surface,2001,0.9475
TSM_Deep,2002,0.967
TSM_Intermediate,2002,0.87525
TSM_Surface,2002,0.900677966101695
TSM_Deep,2003,0.803636363636364
TSM_Intermediate,2003,0.703636363636364
TSM_Surface,2003,0.832424242424242
TSM_Deep,2004,0.830526315789474
TSM_Intermediate,2004,0.72
TSM_Surface,2004,0.862666666666667
TSM_Deep,2005,0.998
TSM_Intermediate,2005,0.735238095238095
TSM_Surface,2005,1.00984126984127
TSM_Deep,2006,0.9
TSM_Intermediate,2006,0.76375
TSM_Surface,2006,0.8175
TSM_Deep,2007,1.0847619047619
TSM_Intermediate,2007,0.725454545454545
TSM_Surface,2007,0.885384615384615
TSM_Deep,2008,0.982857142857143
TSM_Intermediate,2008,0.93609756097561
TSM_Surface,2008,0.953174603174603
TSM_Deep,2009,1.00217391304348
TSM_Intermediate,2009,0.83695652173913
TSM_Surface,2009,0.926811594202899
TSM_Deep,2010,1.2165
TSM_Intermediate,2010,0.9925
TSM_Surface,2010,1.02067796610169
TSM_Deep,2011,0.971111111111111
TSM_Intermediate,2011,0.893055555555555
TSM_Surface,2011,0.952
TSM_Deep,2012,NA
TSM_Intermediate,2012,NA
TSM_Surface,2012,NA
TSM_Deep,2013,NA
TSM_Intermediate,2013,NA
TSM_Surface,2013,NA
TSM_Deep,2014,1.2925
TSM_Intermediate,2014,0.785416666666667
TSM_Surface,2014,1.17028571428571
TSM_Deep,2015,1.01863636363636
TSM_Intermediate,2015,0.789302325581395
TSM_Surface,2015,1.13984848484848
TSM_Deep,2016,0.922
TSM_Intermediate,2016,0.81825
TSM_Surface,2016,0.805423728813559
Siktdyp_Surface,1990,8.23076923076923
Siktdyp_Surface,1991,9.19444444444444
Siktdyp_Surface,1992,9.35
Siktdyp_Surface,1993,8.70588235294118
Siktdyp_Surface,1994,7.63157894736842
Siktdyp_Surface,1995,7.38095238095238
Siktdyp_Surface,1996,7.95454545454545
Siktdyp_Surface,1997,7.04761904761905
Siktdyp_Surface,1998,7.26666666666667
Siktdyp_Surface,1999,6.42857142857143
Siktdyp_Surface,2000,7.53846153846154
Siktdyp_Surface,2001,7.3125
Siktdyp_Surface,2002,7.33333333333333
Siktdyp_Surface,2003,8.6
Siktdyp_Surface,2004,7.84615384615385
Siktdyp_Surface,2005,5.85714285714286
Siktdyp_Surface,2006,7.3
Siktdyp_Surface,2007,6.71428571428571
Siktdyp_Surface,2008,6.71428571428571
Siktdyp_Surface,2009,8.3125
Siktdyp_Surface,2010,8.64285714285714
Siktdyp_Surface,2011,8.8421052631579
Siktdyp_Surface,2012,8.95
Siktdyp_Surface,2013,8.94736842105263
Siktdyp_Surface,2014,8.55555555555556
Siktdyp_Surface,2015,7.84210526315789
Siktdyp_Surface,2016,8.5
Kiselalger_med,1994,57500
Kiselalger_med,1995,94350
Kiselalger_med,1996,32450
Kiselalger_med,1997,15950
Kiselalger_med,1998,37700
Kiselalger_med,1999,104200
Kiselalger_med,2000,137520
Kiselalger_med,2001,66200
Kiselalger_med,2002,75400
Kiselalger_med,2003,54810
Kiselalger_med,2004,26320
Kiselalger_med,2005,28350
Kiselalger_med,2006,67140
Kiselalger_med,2007,172220
Kiselalger_med,2008,178480
Kiselalger_med,2009,129715
Kiselalger_med,2010,51310
Kiselalger_med,2011,67115
Kiselalger_med,2012,23960
Kiselalger_med,2013,5720
Kiselalger_med,2014,109450
Kiselalger_med,2015,71480
Kiselalger_med,2016,15960
Dinoflagellater_med,1994,112600
Dinoflagellater_med,1995,195870
Dinoflagellater_med,1996,79310
Dinoflagellater_med,1997,47130
Dinoflagellater_med,1998,90850
Dinoflagellater_med,1999,117200
Dinoflagellater_med,2000,113440
Dinoflagellater_med,2001,123080
Dinoflagellater_med,2002,57440
Dinoflagellater_med,2003,33350
Dinoflagellater_med,2004,30280
Dinoflagellater_med,2005,40020
Dinoflagellater_med,2006,56180
Dinoflagellater_med,2007,49410
Dinoflagellater_med,2008,32920
Dinoflagellater_med,2009,28400
Dinoflagellater_med,2010,32560
Dinoflagellater_med,2011,41560
Dinoflagellater_med,2012,23060
Dinoflagellater_med,2013,19620
Dinoflagellater_med,2014,19710
Dinoflagellater_med,2015,26250
Dinoflagellater_med,2016,5480
Flagellater_med,1994,2607800
Flagellater_med,1995,3364700
Flagellater_med,1996,3006300
Flagellater_med,1997,2480200
Flagellater_med,1998,2993750
Flagellater_med,1999,4446400
Flagellater_med,2000,1654400
Flagellater_med,2001,2824700
Flagellater_med,2002,916500
Flagellater_med,2003,1837040
Flagellater_med,2004,413680
Flagellater_med,2005,958900
Flagellater_med,2006,2145150
Flagellater_med,2007,1070890
Flagellater_med,2008,527380
Flagellater_med,2009,214430
Flagellater_med,2010,296055
Flagellater_med,2011,419350
Flagellater_med,2012,117540
Flagellater_med,2013,1249320
Flagellater_med,2014,3230150
Flagellater_med,2015,726860
Flagellater_med,2016,1476031
Total_med,1994,3647200
Total_med,1995,4433010
Total_med,1996,3116790
Total_med,1997,2718440
Total_med,1998,3055100
Total_med,1999,4954700
Total_med,2000,1968120
Total_med,2001,3955020
Total_med,2002,1205870
Total_med,2003,2213870
Total_med,2004,542810
Total_med,2005,1348230
Total_med,2006,2701330
Total_med,2007,1715920
Total_med,2008,1164890
Total_med,2009,537605
Total_med,2010,552035
Total_med,2011,752740
Total_med,2012,307240
Total_med,2013,1532770
Total_med,2014,3729390
Total_med,2015,1160750
Total_med,2016,1710528
